sample,variable,coef,se,t_stat,p_value,ci_low,ci_high
Full Sample,const,1.057419,0.059189,17.8651,0.0,0.949919,1.175555
Full Sample,wgi,-0.022,0.008911,-2.4689,0.0136,-0.037701,-0.003704
Full Sample,gini,-0.006787,0.00808,-0.84,0.4009,-0.021732,0.011029
GDP-Restricted (>=$13845),const,1.428065,0.122505,11.6572,0.0,1.023783,1.412481
GDP-Restricted (>=$13845),wgi,0.03782,0.018303,2.0663,0.0388,0.007816,0.075554
GDP-Restricted (>=$13845),gini,0.063056,0.019575,3.2212,0.0013,0.021286,0.098262
