sample,variable,coef,se,t_stat,p_value,ci_low,ci_high
Full Sample,const,1.057418,0.057913,18.2587,0.0,0.95509,1.179323
Full Sample,wgi,-0.022,0.008488,-2.592,0.0095,-0.036709,-0.004298
Full Sample,gini,-0.006787,0.008586,-0.7905,0.4293,-0.023071,0.010695
GDP-Restricted (>=$1000),const,1.058538,0.060573,17.4755,0.0,0.951599,1.19008
GDP-Restricted (>=$1000),wgi,-0.028908,0.008398,-3.4422,0.0006,-0.04371,-0.010708
GDP-Restricted (>=$1000),gini,-0.003677,0.008341,-0.4408,0.6593,-0.019592,0.01371
